,email,link
0,,
1,advertise@dotdash.com,https://www.dotdash.com
2,advertise@dotdash.com,https://www.dotdash.com
3,press@dotdash.com,https://www.dotdash.com
4,press@dotdash.com,https://www.dotdash.com
5,security@dotdash.com,https://www.dotdash.com
1,SafeHarborAgent@about.com,https://www.thebalancecareers.com/terms-of-use-and-policies-4869845
2,SafeHarborAgent@About.Com,https://www.thebalancecareers.com/terms-of-use-and-policies-4869845
3,contact@thebalance.com,https://www.thebalancecareers.com/terms-of-use-and-policies-4869845
4,contact@TheBalance.com,https://www.thebalancecareers.com/terms-of-use-and-policies-4869845
5,privacy@thebalance.com,https://www.thebalancecareers.com/terms-of-use-and-policies-4869845
6,privacy@thebalance.com,https://www.thebalancecareers.com/terms-of-use-and-policies-4869845
7,optout@thebalance.com,https://www.thebalancecareers.com/terms-of-use-and-policies-4869845
8,optout@thebalance.com,https://www.thebalancecareers.com/terms-of-use-and-policies-4869845
9,security@thebalance.com,https://www.thebalancecareers.com/terms-of-use-and-policies-4869845
10,security@thebalance.com,https://www.thebalancecareers.com/terms-of-use-and-policies-4869845
11,bugbounty@thebalance.com,https://www.thebalancecareers.com/terms-of-use-and-policies-4869845
12,bugbounty@thebalance.com,https://www.thebalancecareers.com/terms-of-use-and-policies-4869845
13,privacy@thebalance.com,https://www.thebalancecareers.com/terms-of-use-and-policies-4869845
14,privacy@thebalance.com,https://www.thebalancecareers.com/terms-of-use-and-policies-4869845
15,privacy@TheBalance.com,https://www.thebalancecareers.com/terms-of-use-and-policies-4869845
16,privacy@thebalance.com,https://www.thebalancecareers.com/terms-of-use-and-policies-4869845
17,NevadaPrivacy@thebalance.com,https://www.thebalancecareers.com/terms-of-use-and-policies-4869845
18,NevadaPrivacy@thebalance.com,https://www.thebalancecareers.com/terms-of-use-and-policies-4869845
19,privacy@thebalance.com,https://www.thebalancecareers.com/terms-of-use-and-policies-4869845
20,privacy@thebalance.com,https://www.thebalancecareers.com/terms-of-use-and-policies-4869845
1,advertise@dotdash.com,https://www.dotdash.com/our-brands/
2,advertise@dotdash.com,https://www.dotdash.com/our-brands/
3,press@dotdash.com,https://www.dotdash.com/our-brands/
4,press@dotdash.com,https://www.dotdash.com/our-brands/
5,security@dotdash.com,https://www.dotdash.com/our-brands/
1,contact@thebalance.com,https://www.thebalancecareers.com/about-us
2,contact@thebalance.com,https://www.thebalancecareers.com/about-us
3,contact@thebalance.com,https://www.thebalancecareers.com/about-us
4,contact@thebalance.com,https://www.thebalancecareers.com/about-us
5,press@thebalance.com,https://www.thebalancecareers.com/about-us
6,press@thebalance.com,https://www.thebalancecareers.com/about-us
1,security@dotdash.com,https://www.dotdash.com/careers/?p=jobs&nl=1
2,security@dotdash.com,https://www.dotdash.com/careers/?p=jobs&nl=1
3,advertise@dotdash.com,https://www.dotdash.com/careers/?p=jobs&nl=1
4,advertise@dotdash.com,https://www.dotdash.com/careers/?p=jobs&nl=1
5,press@dotdash.com,https://www.dotdash.com/careers/?p=jobs&nl=1
6,press@dotdash.com,https://www.dotdash.com/careers/?p=jobs&nl=1
7,security@dotdash.com,https://www.dotdash.com/careers/?p=jobs&nl=1
1,telegraphjobs@telegraph.co.uk,https://recruiters.jobs.telegraph.co.uk/login/?PipelinedPage=%7e%2fcv-search
